{
    "accuracy": 0.945,
    "f1_score": 0.9378531073446328,
    "precision": 0.9325842696629213,
    "recall": 0.9431818181818182
}